<cache Ver="2">
  <assembly guid="AmazingAssets.TerrainToMesh" path="C:\Program Files (x86)\Steam\steamapps\common\Lethal Company\Lethal Company_Data\Managed\AmazingAssets.TerrainToMesh.dll" dateModified="638746367027606199" MMHOOKDate="0" references="" pluginVersion="0.0.0" badImageFormat="false" />
  <assembly guid="Assembly-CSharp-firstpass" path="C:\Program Files (x86)\Steam\steamapps\common\Lethal Company\Lethal Company_Data\Managed\Assembly-CSharp-firstpass.dll" dateModified="638843743952408395" MMHOOKDate="0" references="" pluginVersion="0.0.0" badImageFormat="false" />
  <assembly guid="Assembly-CSharp" path="C:\Program Files (x86)\Steam\steamapps\common\Lethal Company\Lethal Company_Data\Managed\Assembly-CSharp.dll" dateModified="638847629848001107" MMHOOKDate="638874401153307686" references="" pluginVersion="0.0.0" badImageFormat="false" />
  <assembly guid="ClientNetworkTransform" path="C:\Program Files (x86)\Steam\steamapps\common\Lethal Company\Lethal Company_Data\Managed\ClientNetworkTransform.dll" dateModified="638843743957950788" MMHOOKDate="0" references="" pluginVersion="0.0.0" badImageFormat="false" />
  <assembly guid="com.olegknyazev.softmask" path="C:\Program Files (x86)\Steam\steamapps\common\Lethal Company\Lethal Company_Data\Managed\com.olegknyazev.softmask.dll" dateModified="638843743983593707" MMHOOKDate="0" references="" pluginVersion="0.0.0" badImageFormat="false" />
  <assembly guid="DissonanceVoip" path="C:\Program Files (x86)\Steam\steamapps\common\Lethal Company\Lethal Company_Data\Managed\DissonanceVoip.dll" dateModified="638843743952418426" MMHOOKDate="0" references="" pluginVersion="0.0.0" badImageFormat="false" />
  <assembly guid="EasyTextEffects" path="C:\Program Files (x86)\Steam\steamapps\common\Lethal Company\Lethal Company_Data\Managed\EasyTextEffects.dll" dateModified="638843743983593707" MMHOOKDate="0" references="" pluginVersion="0.0.0" badImageFormat="false" />
  <assembly guid="Facepunch Transport for Netcode for GameObjects" path="C:\Program Files (x86)\Steam\steamapps\common\Lethal Company\Lethal Company_Data\Managed\Facepunch Transport for Netcode for GameObjects.dll" dateModified="638843743955096734" MMHOOKDate="0" references="" pluginVersion="0.0.0" badImageFormat="false" />
  <assembly guid="Facepunch.Steamworks.Win64" path="C:\Program Files (x86)\Steam\steamapps\common\Lethal Company\Lethal Company_Data\Managed\Facepunch.Steamworks.Win64.dll" dateModified="638746366524298823" MMHOOKDate="0" references="" pluginVersion="0.0.0" badImageFormat="false" />
  <assembly guid="Mono.Security" path="C:\Program Files (x86)\Steam\steamapps\common\Lethal Company\Lethal Company_Data\Managed\Mono.Security.dll" dateModified="638746367032558771" MMHOOKDate="0" references="" pluginVersion="0.0.0" badImageFormat="false" />
  <assembly guid="mscorlib" path="C:\Program Files (x86)\Steam\steamapps\common\Lethal Company\Lethal Company_Data\Managed\mscorlib.dll" dateModified="638746366524308822" MMHOOKDate="0" references="" pluginVersion="0.0.0" badImageFormat="false" />
  <assembly guid="netstandard" path="C:\Program Files (x86)\Steam\steamapps\common\Lethal Company\Lethal Company_Data\Managed\netstandard.dll" dateModified="638746367037970206" MMHOOKDate="0" references="" pluginVersion="0.0.0" badImageFormat="false" />
  <assembly guid="Newtonsoft.Json" path="C:\Program Files (x86)\Steam\steamapps\common\Lethal Company\Lethal Company_Data\Managed\Newtonsoft.Json.dll" dateModified="638746366524308822" MMHOOKDate="0" references="" pluginVersion="0.0.0" badImageFormat="false" />
  <assembly guid="System.ComponentModel.Composition" path="C:\Program Files (x86)\Steam\steamapps\common\Lethal Company\Lethal Company_Data\Managed\System.ComponentModel.Composition.dll" dateModified="638746367039838688" MMHOOKDate="0" references="" pluginVersion="0.0.0" badImageFormat="false" />
  <assembly guid="System.Configuration" path="C:\Program Files (x86)\Steam\steamapps\common\Lethal Company\Lethal Company_Data\Managed\System.Configuration.dll" dateModified="638746367039838688" MMHOOKDate="0" references="" pluginVersion="0.0.0" badImageFormat="false" />
  <assembly guid="System.Core" path="C:\Program Files (x86)\Steam\steamapps\common\Lethal Company\Lethal Company_Data\Managed\System.Core.dll" dateModified="638746366524318829" MMHOOKDate="0" references="" pluginVersion="0.0.0" badImageFormat="false" />
  <assembly guid="System.Data.DataSetExtensions" path="C:\Program Files (x86)\Steam\steamapps\common\Lethal Company\Lethal Company_Data\Managed\System.Data.DataSetExtensions.dll" dateModified="638746367039838688" MMHOOKDate="0" references="" pluginVersion="0.0.0" badImageFormat="false" />
  <assembly guid="System.Data" path="C:\Program Files (x86)\Steam\steamapps\common\Lethal Company\Lethal Company_Data\Managed\System.Data.dll" dateModified="638746366524318829" MMHOOKDate="0" references="" pluginVersion="0.0.0" badImageFormat="false" />
  <assembly guid="System" path="C:\Program Files (x86)\Steam\steamapps\common\Lethal Company\Lethal Company_Data\Managed\System.dll" dateModified="638746366524318829" MMHOOKDate="0" references="" pluginVersion="0.0.0" badImageFormat="false" />
  <assembly guid="System.Drawing" path="C:\Program Files (x86)\Steam\steamapps\common\Lethal Company\Lethal Company_Data\Managed\System.Drawing.dll" dateModified="638746366524328829" MMHOOKDate="0" references="" pluginVersion="0.0.0" badImageFormat="false" />
  <assembly guid="System.EnterpriseServices" path="C:\Program Files (x86)\Steam\steamapps\common\Lethal Company\Lethal Company_Data\Managed\System.EnterpriseServices.dll" dateModified="638746367050914166" MMHOOKDate="0" references="" pluginVersion="0.0.0" badImageFormat="false" />
  <assembly guid="System.IO.Compression" path="C:\Program Files (x86)\Steam\steamapps\common\Lethal Company\Lethal Company_Data\Managed\System.IO.Compression.dll" dateModified="638746367050924170" MMHOOKDate="0" references="" pluginVersion="0.0.0" badImageFormat="false" />
  <assembly guid="System.IO.Compression.FileSystem" path="C:\Program Files (x86)\Steam\steamapps\common\Lethal Company\Lethal Company_Data\Managed\System.IO.Compression.FileSystem.dll" dateModified="638746367050914166" MMHOOKDate="0" references="" pluginVersion="0.0.0" badImageFormat="false" />
  <assembly guid="System.Net.Http" path="C:\Program Files (x86)\Steam\steamapps\common\Lethal Company\Lethal Company_Data\Managed\System.Net.Http.dll" dateModified="638746367051543747" MMHOOKDate="0" references="" pluginVersion="0.0.0" badImageFormat="false" />
  <assembly guid="System.Numerics" path="C:\Program Files (x86)\Steam\steamapps\common\Lethal Company\Lethal Company_Data\Managed\System.Numerics.dll" dateModified="638746367051543747" MMHOOKDate="0" references="" pluginVersion="0.0.0" badImageFormat="false" />
  <assembly guid="System.Runtime" path="C:\Program Files (x86)\Steam\steamapps\common\Lethal Company\Lethal Company_Data\Managed\System.Runtime.dll" dateModified="638746367051543747" MMHOOKDate="0" references="" pluginVersion="0.0.0" badImageFormat="false" />
  <assembly guid="System.Runtime.Serialization" path="C:\Program Files (x86)\Steam\steamapps\common\Lethal Company\Lethal Company_Data\Managed\System.Runtime.Serialization.dll" dateModified="638746366524328829" MMHOOKDate="0" references="" pluginVersion="0.0.0" badImageFormat="false" />
  <assembly guid="System.Security" path="C:\Program Files (x86)\Steam\steamapps\common\Lethal Company\Lethal Company_Data\Managed\System.Security.dll" dateModified="638746366524338833" MMHOOKDate="0" references="" pluginVersion="0.0.0" badImageFormat="false" />
  <assembly guid="System.ServiceModel.Internals" path="C:\Program Files (x86)\Steam\steamapps\common\Lethal Company\Lethal Company_Data\Managed\System.ServiceModel.Internals.dll" dateModified="638746367053976542" MMHOOKDate="0" references="" pluginVersion="0.0.0" badImageFormat="false" />
  <assembly guid="System.Transactions" path="C:\Program Files (x86)\Steam\steamapps\common\Lethal Company\Lethal Company_Data\Managed\System.Transactions.dll" dateModified="638746367053976542" MMHOOKDate="0" references="" pluginVersion="0.0.0" badImageFormat="false" />
  <assembly guid="System.Xml" path="C:\Program Files (x86)\Steam\steamapps\common\Lethal Company\Lethal Company_Data\Managed\System.Xml.dll" dateModified="638746366524338833" MMHOOKDate="0" references="" pluginVersion="0.0.0" badImageFormat="false" />
  <assembly guid="System.Xml.Linq" path="C:\Program Files (x86)\Steam\steamapps\common\Lethal Company\Lethal Company_Data\Managed\System.Xml.Linq.dll" dateModified="638746367060071653" MMHOOKDate="0" references="" pluginVersion="0.0.0" badImageFormat="false" />
  <assembly guid="Unity.AI.Navigation" path="C:\Program Files (x86)\Steam\steamapps\common\Lethal Company\Lethal Company_Data\Managed\Unity.AI.Navigation.dll" dateModified="638746367060071653" MMHOOKDate="0" references="" pluginVersion="0.0.0" badImageFormat="false" />
  <assembly guid="Unity.Animation.Rigging" path="C:\Program Files (x86)\Steam\steamapps\common\Lethal Company\Lethal Company_Data\Managed\Unity.Animation.Rigging.dll" dateModified="638746367060682455" MMHOOKDate="0" references="" pluginVersion="0.0.0" badImageFormat="false" />
  <assembly guid="Unity.Animation.Rigging.DocCodeExamples" path="C:\Program Files (x86)\Steam\steamapps\common\Lethal Company\Lethal Company_Data\Managed\Unity.Animation.Rigging.DocCodeExamples.dll" dateModified="638746367060071653" MMHOOKDate="0" references="" pluginVersion="0.0.0" badImageFormat="false" />
  <assembly guid="Unity.Burst" path="C:\Program Files (x86)\Steam\steamapps\common\Lethal Company\Lethal Company_Data\Managed\Unity.Burst.dll" dateModified="638746366524348839" MMHOOKDate="0" references="" pluginVersion="0.0.0" badImageFormat="false" />
  <assembly guid="Unity.Burst.Unsafe" path="C:\Program Files (x86)\Steam\steamapps\common\Lethal Company\Lethal Company_Data\Managed\Unity.Burst.Unsafe.dll" dateModified="638746367060682455" MMHOOKDate="0" references="" pluginVersion="0.0.0" badImageFormat="false" />
  <assembly guid="Unity.Collections" path="C:\Program Files (x86)\Steam\steamapps\common\Lethal Company\Lethal Company_Data\Managed\Unity.Collections.dll" dateModified="638843743952418426" MMHOOKDate="0" references="" pluginVersion="0.0.0" badImageFormat="false" />
  <assembly guid="Unity.Collections.LowLevel.ILSupport" path="C:\Program Files (x86)\Steam\steamapps\common\Lethal Company\Lethal Company_Data\Managed\Unity.Collections.LowLevel.ILSupport.dll" dateModified="638746367061905169" MMHOOKDate="0" references="" pluginVersion="0.0.0" badImageFormat="false" />
  <assembly guid="Unity.InputSystem" path="C:\Program Files (x86)\Steam\steamapps\common\Lethal Company\Lethal Company_Data\Managed\Unity.InputSystem.dll" dateModified="638746366524348839" MMHOOKDate="0" references="" pluginVersion="0.0.0" badImageFormat="false" />
  <assembly guid="Unity.InputSystem.ForUI" path="C:\Program Files (x86)\Steam\steamapps\common\Lethal Company\Lethal Company_Data\Managed\Unity.InputSystem.ForUI.dll" dateModified="638746367064950348" MMHOOKDate="0" references="" pluginVersion="0.0.0" badImageFormat="false" />
  <assembly guid="Unity.Jobs" path="C:\Program Files (x86)\Steam\steamapps\common\Lethal Company\Lethal Company_Data\Managed\Unity.Jobs.dll" dateModified="638746367064950348" MMHOOKDate="0" references="" pluginVersion="0.0.0" badImageFormat="false" />
  <assembly guid="Unity.Mathematics" path="C:\Program Files (x86)\Steam\steamapps\common\Lethal Company\Lethal Company_Data\Managed\Unity.Mathematics.dll" dateModified="638746366524358840" MMHOOKDate="0" references="" pluginVersion="0.0.0" badImageFormat="false" />
  <assembly guid="Unity.Multiplayer.Tools.Common" path="C:\Program Files (x86)\Steam\steamapps\common\Lethal Company\Lethal Company_Data\Managed\Unity.Multiplayer.Tools.Common.dll" dateModified="638746367066798684" MMHOOKDate="0" references="" pluginVersion="0.0.0" badImageFormat="false" />
  <assembly guid="Unity.Multiplayer.Tools.MetricTypes" path="C:\Program Files (x86)\Steam\steamapps\common\Lethal Company\Lethal Company_Data\Managed\Unity.Multiplayer.Tools.MetricTypes.dll" dateModified="638746367066948726" MMHOOKDate="0" references="" pluginVersion="0.0.0" badImageFormat="false" />
  <assembly guid="Unity.Multiplayer.Tools.NetStats" path="C:\Program Files (x86)\Steam\steamapps\common\Lethal Company\Lethal Company_Data\Managed\Unity.Multiplayer.Tools.NetStats.dll" dateModified="638746367066948726" MMHOOKDate="0" references="" pluginVersion="0.0.0" badImageFormat="false" />
  <assembly guid="Unity.Multiplayer.Tools.NetStatsMonitor.Component" path="C:\Program Files (x86)\Steam\steamapps\common\Lethal Company\Lethal Company_Data\Managed\Unity.Multiplayer.Tools.NetStatsMonitor.Component.dll" dateModified="638746367066798684" MMHOOKDate="0" references="" pluginVersion="0.0.0" badImageFormat="false" />
  <assembly guid="Unity.Multiplayer.Tools.NetStatsMonitor.Configuration" path="C:\Program Files (x86)\Steam\steamapps\common\Lethal Company\Lethal Company_Data\Managed\Unity.Multiplayer.Tools.NetStatsMonitor.Configuration.dll" dateModified="638746367066948726" MMHOOKDate="0" references="" pluginVersion="0.0.0" badImageFormat="false" />
  <assembly guid="Unity.Multiplayer.Tools.NetStatsMonitor.Implementation" path="C:\Program Files (x86)\Steam\steamapps\common\Lethal Company\Lethal Company_Data\Managed\Unity.Multiplayer.Tools.NetStatsMonitor.Implementation.dll" dateModified="638746367066798684" MMHOOKDate="0" references="" pluginVersion="0.0.0" badImageFormat="false" />
  <assembly guid="Unity.Multiplayer.Tools.NetStatsReporting" path="C:\Program Files (x86)\Steam\steamapps\common\Lethal Company\Lethal Company_Data\Managed\Unity.Multiplayer.Tools.NetStatsReporting.dll" dateModified="638746367066948726" MMHOOKDate="0" references="" pluginVersion="0.0.0" badImageFormat="false" />
  <assembly guid="Unity.Multiplayer.Tools.NetworkProfiler.Runtime" path="C:\Program Files (x86)\Steam\steamapps\common\Lethal Company\Lethal Company_Data\Managed\Unity.Multiplayer.Tools.NetworkProfiler.Runtime.dll" dateModified="638746367066798684" MMHOOKDate="0" references="" pluginVersion="0.0.0" badImageFormat="false" />
  <assembly guid="Unity.Multiplayer.Tools.NetworkSolutionInterface" path="C:\Program Files (x86)\Steam\steamapps\common\Lethal Company\Lethal Company_Data\Managed\Unity.Multiplayer.Tools.NetworkSolutionInterface.dll" dateModified="638746367066798684" MMHOOKDate="0" references="" pluginVersion="0.0.0" badImageFormat="false" />
  <assembly guid="Unity.Netcode.Components" path="C:\Program Files (x86)\Steam\steamapps\common\Lethal Company\Lethal Company_Data\Managed\Unity.Netcode.Components.dll" dateModified="638746367067416031" MMHOOKDate="0" references="" pluginVersion="0.0.0" badImageFormat="false" />
  <assembly guid="Unity.Netcode.Runtime" path="C:\Program Files (x86)\Steam\steamapps\common\Lethal Company\Lethal Company_Data\Managed\Unity.Netcode.Runtime.dll" dateModified="638843743952418426" MMHOOKDate="0" references="" pluginVersion="0.0.0" badImageFormat="false" />
  <assembly guid="Unity.Networking.Transport" path="C:\Program Files (x86)\Steam\steamapps\common\Lethal Company\Lethal Company_Data\Managed\Unity.Networking.Transport.dll" dateModified="638843743956840685" MMHOOKDate="0" references="" pluginVersion="0.0.0" badImageFormat="false" />
  <assembly guid="Unity.ProBuilder.Csg" path="C:\Program Files (x86)\Steam\steamapps\common\Lethal Company\Lethal Company_Data\Managed\Unity.ProBuilder.Csg.dll" dateModified="638746367068665752" MMHOOKDate="0" references="" pluginVersion="0.0.0" badImageFormat="false" />
  <assembly guid="Unity.ProBuilder" path="C:\Program Files (x86)\Steam\steamapps\common\Lethal Company\Lethal Company_Data\Managed\Unity.ProBuilder.dll" dateModified="638746366524368853" MMHOOKDate="0" references="" pluginVersion="0.0.0" badImageFormat="false" />
  <assembly guid="Unity.ProBuilder.KdTree" path="C:\Program Files (x86)\Steam\steamapps\common\Lethal Company\Lethal Company_Data\Managed\Unity.ProBuilder.KdTree.dll" dateModified="638746367069908423" MMHOOKDate="0" references="" pluginVersion="0.0.0" badImageFormat="false" />
  <assembly guid="Unity.ProBuilder.Poly2Tri" path="C:\Program Files (x86)\Steam\steamapps\common\Lethal Company\Lethal Company_Data\Managed\Unity.ProBuilder.Poly2Tri.dll" dateModified="638746367069908423" MMHOOKDate="0" references="" pluginVersion="0.0.0" badImageFormat="false" />
  <assembly guid="Unity.ProBuilder.Stl" path="C:\Program Files (x86)\Steam\steamapps\common\Lethal Company\Lethal Company_Data\Managed\Unity.ProBuilder.Stl.dll" dateModified="638746367069908423" MMHOOKDate="0" references="" pluginVersion="0.0.0" badImageFormat="false" />
  <assembly guid="Unity.Profiling.Core" path="C:\Program Files (x86)\Steam\steamapps\common\Lethal Company\Lethal Company_Data\Managed\Unity.Profiling.Core.dll" dateModified="638746367069908423" MMHOOKDate="0" references="" pluginVersion="0.0.0" badImageFormat="false" />
  <assembly guid="Unity.RenderPipelines.Core.Runtime" path="C:\Program Files (x86)\Steam\steamapps\common\Lethal Company\Lethal Company_Data\Managed\Unity.RenderPipelines.Core.Runtime.dll" dateModified="638746366524378831" MMHOOKDate="0" references="" pluginVersion="0.0.0" badImageFormat="false" />
  <assembly guid="Unity.RenderPipelines.Core.ShaderLibrary" path="C:\Program Files (x86)\Steam\steamapps\common\Lethal Company\Lethal Company_Data\Managed\Unity.RenderPipelines.Core.ShaderLibrary.dll" dateModified="638746367071731261" MMHOOKDate="0" references="" pluginVersion="0.0.0" badImageFormat="false" />
  <assembly guid="Unity.RenderPipelines.HighDefinition.Config.Runtime" path="C:\Program Files (x86)\Steam\steamapps\common\Lethal Company\Lethal Company_Data\Managed\Unity.RenderPipelines.HighDefinition.Config.Runtime.dll" dateModified="638746367071731261" MMHOOKDate="0" references="" pluginVersion="0.0.0" badImageFormat="false" />
  <assembly guid="Unity.RenderPipelines.HighDefinition.Runtime" path="C:\Program Files (x86)\Steam\steamapps\common\Lethal Company\Lethal Company_Data\Managed\Unity.RenderPipelines.HighDefinition.Runtime.dll" dateModified="638843743952432562" MMHOOKDate="0" references="" pluginVersion="0.0.0" badImageFormat="false" />
  <assembly guid="Unity.RenderPipelines.ShaderGraph.ShaderGraphLibrary" path="C:\Program Files (x86)\Steam\steamapps\common\Lethal Company\Lethal Company_Data\Managed\Unity.RenderPipelines.ShaderGraph.ShaderGraphLibrary.dll" dateModified="638746367084690597" MMHOOKDate="0" references="" pluginVersion="0.0.0" badImageFormat="false" />
  <assembly guid="Unity.Services.Authentication" path="C:\Program Files (x86)\Steam\steamapps\common\Lethal Company\Lethal Company_Data\Managed\Unity.Services.Authentication.dll" dateModified="638746367085210729" MMHOOKDate="0" references="" pluginVersion="0.0.0" badImageFormat="false" />
  <assembly guid="Unity.Services.Core.Analytics" path="C:\Program Files (x86)\Steam\steamapps\common\Lethal Company\Lethal Company_Data\Managed\Unity.Services.Core.Analytics.dll" dateModified="638746367085210729" MMHOOKDate="0" references="" pluginVersion="0.0.0" badImageFormat="false" />
  <assembly guid="Unity.Services.Core.Configuration" path="C:\Program Files (x86)\Steam\steamapps\common\Lethal Company\Lethal Company_Data\Managed\Unity.Services.Core.Configuration.dll" dateModified="638746367085200720" MMHOOKDate="0" references="" pluginVersion="0.0.0" badImageFormat="false" />
  <assembly guid="Unity.Services.Core.Device" path="C:\Program Files (x86)\Steam\steamapps\common\Lethal Company\Lethal Company_Data\Managed\Unity.Services.Core.Device.dll" dateModified="638746367085200720" MMHOOKDate="0" references="" pluginVersion="0.0.0" badImageFormat="false" />
  <assembly guid="Unity.Services.Core" path="C:\Program Files (x86)\Steam\steamapps\common\Lethal Company\Lethal Company_Data\Managed\Unity.Services.Core.dll" dateModified="638746367085210729" MMHOOKDate="0" references="" pluginVersion="0.0.0" badImageFormat="false" />
  <assembly guid="Unity.Services.Core.Environments" path="C:\Program Files (x86)\Steam\steamapps\common\Lethal Company\Lethal Company_Data\Managed\Unity.Services.Core.Environments.dll" dateModified="638746367085200720" MMHOOKDate="0" references="" pluginVersion="0.0.0" badImageFormat="false" />
  <assembly guid="Unity.Services.Core.Environments.Internal" path="C:\Program Files (x86)\Steam\steamapps\common\Lethal Company\Lethal Company_Data\Managed\Unity.Services.Core.Environments.Internal.dll" dateModified="638746367085210729" MMHOOKDate="0" references="" pluginVersion="0.0.0" badImageFormat="false" />
  <assembly guid="Unity.Services.Core.Internal" path="C:\Program Files (x86)\Steam\steamapps\common\Lethal Company\Lethal Company_Data\Managed\Unity.Services.Core.Internal.dll" dateModified="638746367085775743" MMHOOKDate="0" references="" pluginVersion="0.0.0" badImageFormat="false" />
  <assembly guid="Unity.Services.Core.Networking" path="C:\Program Files (x86)\Steam\steamapps\common\Lethal Company\Lethal Company_Data\Managed\Unity.Services.Core.Networking.dll" dateModified="638746367085210729" MMHOOKDate="0" references="" pluginVersion="0.0.0" badImageFormat="false" />
  <assembly guid="Unity.Services.Core.Registration" path="C:\Program Files (x86)\Steam\steamapps\common\Lethal Company\Lethal Company_Data\Managed\Unity.Services.Core.Registration.dll" dateModified="638746367085775743" MMHOOKDate="0" references="" pluginVersion="0.0.0" badImageFormat="false" />
  <assembly guid="Unity.Services.Core.Scheduler" path="C:\Program Files (x86)\Steam\steamapps\common\Lethal Company\Lethal Company_Data\Managed\Unity.Services.Core.Scheduler.dll" dateModified="638746367085785741" MMHOOKDate="0" references="" pluginVersion="0.0.0" badImageFormat="false" />
  <assembly guid="Unity.Services.Core.Telemetry" path="C:\Program Files (x86)\Steam\steamapps\common\Lethal Company\Lethal Company_Data\Managed\Unity.Services.Core.Telemetry.dll" dateModified="638746367086373608" MMHOOKDate="0" references="" pluginVersion="0.0.0" badImageFormat="false" />
  <assembly guid="Unity.Services.Core.Threading" path="C:\Program Files (x86)\Steam\steamapps\common\Lethal Company\Lethal Company_Data\Managed\Unity.Services.Core.Threading.dll" dateModified="638746367085775743" MMHOOKDate="0" references="" pluginVersion="0.0.0" badImageFormat="false" />
  <assembly guid="Unity.Services.QoS" path="C:\Program Files (x86)\Steam\steamapps\common\Lethal Company\Lethal Company_Data\Managed\Unity.Services.QoS.dll" dateModified="638843743955518371" MMHOOKDate="0" references="" pluginVersion="0.0.0" badImageFormat="false" />
  <assembly guid="Unity.Services.Relay" path="C:\Program Files (x86)\Steam\steamapps\common\Lethal Company\Lethal Company_Data\Managed\Unity.Services.Relay.dll" dateModified="638746367086373608" MMHOOKDate="0" references="" pluginVersion="0.0.0" badImageFormat="false" />
  <assembly guid="Unity.TextMeshPro" path="C:\Program Files (x86)\Steam\steamapps\common\Lethal Company\Lethal Company_Data\Managed\Unity.TextMeshPro.dll" dateModified="638746366524388833" MMHOOKDate="0" references="" pluginVersion="0.0.0" badImageFormat="false" />
  <assembly guid="Unity.Timeline" path="C:\Program Files (x86)\Steam\steamapps\common\Lethal Company\Lethal Company_Data\Managed\Unity.Timeline.dll" dateModified="638746367088200918" MMHOOKDate="0" references="" pluginVersion="0.0.0" badImageFormat="false" />
  <assembly guid="Unity.VisualEffectGraph.Runtime" path="C:\Program Files (x86)\Steam\steamapps\common\Lethal Company\Lethal Company_Data\Managed\Unity.VisualEffectGraph.Runtime.dll" dateModified="638746367088818347" MMHOOKDate="0" references="" pluginVersion="0.0.0" badImageFormat="false" />
  <assembly guid="UnityEngine.AccessibilityModule" path="C:\Program Files (x86)\Steam\steamapps\common\Lethal Company\Lethal Company_Data\Managed\UnityEngine.AccessibilityModule.dll" dateModified="638746367088818347" MMHOOKDate="0" references="" pluginVersion="0.0.0" badImageFormat="false" />
  <assembly guid="UnityEngine.AIModule" path="C:\Program Files (x86)\Steam\steamapps\common\Lethal Company\Lethal Company_Data\Managed\UnityEngine.AIModule.dll" dateModified="638746367088818347" MMHOOKDate="0" references="" pluginVersion="0.0.0" badImageFormat="false" />
  <assembly guid="UnityEngine.AndroidJNIModule" path="C:\Program Files (x86)\Steam\steamapps\common\Lethal Company\Lethal Company_Data\Managed\UnityEngine.AndroidJNIModule.dll" dateModified="638746367088818347" MMHOOKDate="0" references="" pluginVersion="0.0.0" badImageFormat="false" />
  <assembly guid="UnityEngine.AnimationModule" path="C:\Program Files (x86)\Steam\steamapps\common\Lethal Company\Lethal Company_Data\Managed\UnityEngine.AnimationModule.dll" dateModified="638746367089438671" MMHOOKDate="0" references="" pluginVersion="0.0.0" badImageFormat="false" />
  <assembly guid="UnityEngine.ARModule" path="C:\Program Files (x86)\Steam\steamapps\common\Lethal Company\Lethal Company_Data\Managed\UnityEngine.ARModule.dll" dateModified="638746367089438671" MMHOOKDate="0" references="" pluginVersion="0.0.0" badImageFormat="false" />
  <assembly guid="UnityEngine.AssetBundleModule" path="C:\Program Files (x86)\Steam\steamapps\common\Lethal Company\Lethal Company_Data\Managed\UnityEngine.AssetBundleModule.dll" dateModified="638746367089438671" MMHOOKDate="0" references="" pluginVersion="0.0.0" badImageFormat="false" />
  <assembly guid="UnityEngine.AudioModule" path="C:\Program Files (x86)\Steam\steamapps\common\Lethal Company\Lethal Company_Data\Managed\UnityEngine.AudioModule.dll" dateModified="638746367090051871" MMHOOKDate="0" references="" pluginVersion="0.0.0" badImageFormat="false" />
  <assembly guid="UnityEngine.ClothModule" path="C:\Program Files (x86)\Steam\steamapps\common\Lethal Company\Lethal Company_Data\Managed\UnityEngine.ClothModule.dll" dateModified="638746367090051871" MMHOOKDate="0" references="" pluginVersion="0.0.0" badImageFormat="false" />
  <assembly guid="UnityEngine.ClusterInputModule" path="C:\Program Files (x86)\Steam\steamapps\common\Lethal Company\Lethal Company_Data\Managed\UnityEngine.ClusterInputModule.dll" dateModified="638746367090051871" MMHOOKDate="0" references="" pluginVersion="0.0.0" badImageFormat="false" />
  <assembly guid="UnityEngine.ClusterRendererModule" path="C:\Program Files (x86)\Steam\steamapps\common\Lethal Company\Lethal Company_Data\Managed\UnityEngine.ClusterRendererModule.dll" dateModified="638746367090051871" MMHOOKDate="0" references="" pluginVersion="0.0.0" badImageFormat="false" />
  <assembly guid="UnityEngine.ContentLoadModule" path="C:\Program Files (x86)\Steam\steamapps\common\Lethal Company\Lethal Company_Data\Managed\UnityEngine.ContentLoadModule.dll" dateModified="638746367090051871" MMHOOKDate="0" references="" pluginVersion="0.0.0" badImageFormat="false" />
  <assembly guid="UnityEngine.CoreModule" path="C:\Program Files (x86)\Steam\steamapps\common\Lethal Company\Lethal Company_Data\Managed\UnityEngine.CoreModule.dll" dateModified="638746366524388833" MMHOOKDate="0" references="" pluginVersion="0.0.0" badImageFormat="false" />
  <assembly guid="UnityEngine.CrashReportingModule" path="C:\Program Files (x86)\Steam\steamapps\common\Lethal Company\Lethal Company_Data\Managed\UnityEngine.CrashReportingModule.dll" dateModified="638746367091285552" MMHOOKDate="0" references="" pluginVersion="0.0.0" badImageFormat="false" />
  <assembly guid="UnityEngine.DirectorModule" path="C:\Program Files (x86)\Steam\steamapps\common\Lethal Company\Lethal Company_Data\Managed\UnityEngine.DirectorModule.dll" dateModified="638746367091285552" MMHOOKDate="0" references="" pluginVersion="0.0.0" badImageFormat="false" />
  <assembly guid="UnityEngine" path="C:\Program Files (x86)\Steam\steamapps\common\Lethal Company\Lethal Company_Data\Managed\UnityEngine.dll" dateModified="638746367091918686" MMHOOKDate="0" references="" pluginVersion="0.0.0" badImageFormat="false" />
  <assembly guid="UnityEngine.DSPGraphModule" path="C:\Program Files (x86)\Steam\steamapps\common\Lethal Company\Lethal Company_Data\Managed\UnityEngine.DSPGraphModule.dll" dateModified="638746367091918686" MMHOOKDate="0" references="" pluginVersion="0.0.0" badImageFormat="false" />
  <assembly guid="UnityEngine.GameCenterModule" path="C:\Program Files (x86)\Steam\steamapps\common\Lethal Company\Lethal Company_Data\Managed\UnityEngine.GameCenterModule.dll" dateModified="638746367040468675" MMHOOKDate="0" references="" pluginVersion="0.0.0" badImageFormat="false" />
  <assembly guid="UnityEngine.GIModule" path="C:\Program Files (x86)\Steam\steamapps\common\Lethal Company\Lethal Company_Data\Managed\UnityEngine.GIModule.dll" dateModified="638746367091918686" MMHOOKDate="0" references="" pluginVersion="0.0.0" badImageFormat="false" />
  <assembly guid="UnityEngine.GridModule" path="C:\Program Files (x86)\Steam\steamapps\common\Lethal Company\Lethal Company_Data\Managed\UnityEngine.GridModule.dll" dateModified="638746367091918686" MMHOOKDate="0" references="" pluginVersion="0.0.0" badImageFormat="false" />
  <assembly guid="UnityEngine.HotReloadModule" path="C:\Program Files (x86)\Steam\steamapps\common\Lethal Company\Lethal Company_Data\Managed\UnityEngine.HotReloadModule.dll" dateModified="638746367091918686" MMHOOKDate="0" references="" pluginVersion="0.0.0" badImageFormat="false" />
  <assembly guid="UnityEngine.ImageConversionModule" path="C:\Program Files (x86)\Steam\steamapps\common\Lethal Company\Lethal Company_Data\Managed\UnityEngine.ImageConversionModule.dll" dateModified="638746367091928685" MMHOOKDate="0" references="" pluginVersion="0.0.0" badImageFormat="false" />
  <assembly guid="UnityEngine.IMGUIModule" path="C:\Program Files (x86)\Steam\steamapps\common\Lethal Company\Lethal Company_Data\Managed\UnityEngine.IMGUIModule.dll" dateModified="638746367093144269" MMHOOKDate="0" references="" pluginVersion="0.0.0" badImageFormat="false" />
  <assembly guid="UnityEngine.InputLegacyModule" path="C:\Program Files (x86)\Steam\steamapps\common\Lethal Company\Lethal Company_Data\Managed\UnityEngine.InputLegacyModule.dll" dateModified="638746367040478681" MMHOOKDate="0" references="" pluginVersion="0.0.0" badImageFormat="false" />
  <assembly guid="UnityEngine.InputModule" path="C:\Program Files (x86)\Steam\steamapps\common\Lethal Company\Lethal Company_Data\Managed\UnityEngine.InputModule.dll" dateModified="638746367040478681" MMHOOKDate="0" references="" pluginVersion="0.0.0" badImageFormat="false" />
  <assembly guid="UnityEngine.JSONSerializeModule" path="C:\Program Files (x86)\Steam\steamapps\common\Lethal Company\Lethal Company_Data\Managed\UnityEngine.JSONSerializeModule.dll" dateModified="638746367040478681" MMHOOKDate="0" references="" pluginVersion="0.0.0" badImageFormat="false" />
  <assembly guid="UnityEngine.LocalizationModule" path="C:\Program Files (x86)\Steam\steamapps\common\Lethal Company\Lethal Company_Data\Managed\UnityEngine.LocalizationModule.dll" dateModified="638746367040478681" MMHOOKDate="0" references="" pluginVersion="0.0.0" badImageFormat="false" />
  <assembly guid="UnityEngine.NVIDIAModule" path="C:\Program Files (x86)\Steam\steamapps\common\Lethal Company\Lethal Company_Data\Managed\UnityEngine.NVIDIAModule.dll" dateModified="638746367041075915" MMHOOKDate="0" references="" pluginVersion="0.0.0" badImageFormat="false" />
  <assembly guid="UnityEngine.ParticleSystemModule" path="C:\Program Files (x86)\Steam\steamapps\common\Lethal Company\Lethal Company_Data\Managed\UnityEngine.ParticleSystemModule.dll" dateModified="638746367041705928" MMHOOKDate="0" references="" pluginVersion="0.0.0" badImageFormat="false" />
  <assembly guid="UnityEngine.PerformanceReportingModule" path="C:\Program Files (x86)\Steam\steamapps\common\Lethal Company\Lethal Company_Data\Managed\UnityEngine.PerformanceReportingModule.dll" dateModified="638746367041075915" MMHOOKDate="0" references="" pluginVersion="0.0.0" badImageFormat="false" />
  <assembly guid="UnityEngine.Physics2DModule" path="C:\Program Files (x86)\Steam\steamapps\common\Lethal Company\Lethal Company_Data\Managed\UnityEngine.Physics2DModule.dll" dateModified="638746367041695927" MMHOOKDate="0" references="" pluginVersion="0.0.0" badImageFormat="false" />
  <assembly guid="UnityEngine.PhysicsModule" path="C:\Program Files (x86)\Steam\steamapps\common\Lethal Company\Lethal Company_Data\Managed\UnityEngine.PhysicsModule.dll" dateModified="638746367041695927" MMHOOKDate="0" references="" pluginVersion="0.0.0" badImageFormat="false" />
  <assembly guid="UnityEngine.ProfilerModule" path="C:\Program Files (x86)\Steam\steamapps\common\Lethal Company\Lethal Company_Data\Managed\UnityEngine.ProfilerModule.dll" dateModified="638746367041685927" MMHOOKDate="0" references="" pluginVersion="0.0.0" badImageFormat="false" />
  <assembly guid="UnityEngine.PropertiesModule" path="C:\Program Files (x86)\Steam\steamapps\common\Lethal Company\Lethal Company_Data\Managed\UnityEngine.PropertiesModule.dll" dateModified="638746367041705928" MMHOOKDate="0" references="" pluginVersion="0.0.0" badImageFormat="false" />
  <assembly guid="UnityEngine.RuntimeInitializeOnLoadManagerInitializerModule" path="C:\Program Files (x86)\Steam\steamapps\common\Lethal Company\Lethal Company_Data\Managed\UnityEngine.RuntimeInitializeOnLoadManagerInitializerModule.dll" dateModified="638746367041685927" MMHOOKDate="0" references="" pluginVersion="0.0.0" badImageFormat="false" />
  <assembly guid="UnityEngine.ScreenCaptureModule" path="C:\Program Files (x86)\Steam\steamapps\common\Lethal Company\Lethal Company_Data\Managed\UnityEngine.ScreenCaptureModule.dll" dateModified="638746367041685927" MMHOOKDate="0" references="" pluginVersion="0.0.0" badImageFormat="false" />
  <assembly guid="UnityEngine.SharedInternalsModule" path="C:\Program Files (x86)\Steam\steamapps\common\Lethal Company\Lethal Company_Data\Managed\UnityEngine.SharedInternalsModule.dll" dateModified="638746367041695927" MMHOOKDate="0" references="" pluginVersion="0.0.0" badImageFormat="false" />
  <assembly guid="UnityEngine.SpriteMaskModule" path="C:\Program Files (x86)\Steam\steamapps\common\Lethal Company\Lethal Company_Data\Managed\UnityEngine.SpriteMaskModule.dll" dateModified="638746367042935837" MMHOOKDate="0" references="" pluginVersion="0.0.0" badImageFormat="false" />
  <assembly guid="UnityEngine.SpriteShapeModule" path="C:\Program Files (x86)\Steam\steamapps\common\Lethal Company\Lethal Company_Data\Managed\UnityEngine.SpriteShapeModule.dll" dateModified="638746367042935837" MMHOOKDate="0" references="" pluginVersion="0.0.0" badImageFormat="false" />
  <assembly guid="UnityEngine.StreamingModule" path="C:\Program Files (x86)\Steam\steamapps\common\Lethal Company\Lethal Company_Data\Managed\UnityEngine.StreamingModule.dll" dateModified="638746367042935837" MMHOOKDate="0" references="" pluginVersion="0.0.0" badImageFormat="false" />
  <assembly guid="UnityEngine.SubstanceModule" path="C:\Program Files (x86)\Steam\steamapps\common\Lethal Company\Lethal Company_Data\Managed\UnityEngine.SubstanceModule.dll" dateModified="638746367042935837" MMHOOKDate="0" references="" pluginVersion="0.0.0" badImageFormat="false" />
  <assembly guid="UnityEngine.SubsystemsModule" path="C:\Program Files (x86)\Steam\steamapps\common\Lethal Company\Lethal Company_Data\Managed\UnityEngine.SubsystemsModule.dll" dateModified="638746367042945836" MMHOOKDate="0" references="" pluginVersion="0.0.0" badImageFormat="false" />
  <assembly guid="UnityEngine.TerrainModule" path="C:\Program Files (x86)\Steam\steamapps\common\Lethal Company\Lethal Company_Data\Managed\UnityEngine.TerrainModule.dll" dateModified="638746367043095874" MMHOOKDate="0" references="" pluginVersion="0.0.0" badImageFormat="false" />
  <assembly guid="UnityEngine.TerrainPhysicsModule" path="C:\Program Files (x86)\Steam\steamapps\common\Lethal Company\Lethal Company_Data\Managed\UnityEngine.TerrainPhysicsModule.dll" dateModified="638746367042935837" MMHOOKDate="0" references="" pluginVersion="0.0.0" badImageFormat="false" />
  <assembly guid="UnityEngine.TextCoreFontEngineModule" path="C:\Program Files (x86)\Steam\steamapps\common\Lethal Company\Lethal Company_Data\Managed\UnityEngine.TextCoreFontEngineModule.dll" dateModified="638746367043095874" MMHOOKDate="0" references="" pluginVersion="0.0.0" badImageFormat="false" />
  <assembly guid="UnityEngine.TextCoreTextEngineModule" path="C:\Program Files (x86)\Steam\steamapps\common\Lethal Company\Lethal Company_Data\Managed\UnityEngine.TextCoreTextEngineModule.dll" dateModified="638746367040468675" MMHOOKDate="0" references="" pluginVersion="0.0.0" badImageFormat="false" />
  <assembly guid="UnityEngine.TextRenderingModule" path="C:\Program Files (x86)\Steam\steamapps\common\Lethal Company\Lethal Company_Data\Managed\UnityEngine.TextRenderingModule.dll" dateModified="638746367040468675" MMHOOKDate="0" references="" pluginVersion="0.0.0" badImageFormat="false" />
  <assembly guid="UnityEngine.TilemapModule" path="C:\Program Files (x86)\Steam\steamapps\common\Lethal Company\Lethal Company_Data\Managed\UnityEngine.TilemapModule.dll" dateModified="638746367040468675" MMHOOKDate="0" references="" pluginVersion="0.0.0" badImageFormat="false" />
  <assembly guid="UnityEngine.TLSModule" path="C:\Program Files (x86)\Steam\steamapps\common\Lethal Company\Lethal Company_Data\Managed\UnityEngine.TLSModule.dll" dateModified="638746367040468675" MMHOOKDate="0" references="" pluginVersion="0.0.0" badImageFormat="false" />
  <assembly guid="UnityEngine.UI" path="C:\Program Files (x86)\Steam\steamapps\common\Lethal Company\Lethal Company_Data\Managed\UnityEngine.UI.dll" dateModified="638746366524398835" MMHOOKDate="0" references="" pluginVersion="0.0.0" badImageFormat="false" />
  <assembly guid="UnityEngine.UIElementsModule" path="C:\Program Files (x86)\Steam\steamapps\common\Lethal Company\Lethal Company_Data\Managed\UnityEngine.UIElementsModule.dll" dateModified="638746366524408837" MMHOOKDate="0" references="" pluginVersion="0.0.0" badImageFormat="false" />
  <assembly guid="UnityEngine.UIModule" path="C:\Program Files (x86)\Steam\steamapps\common\Lethal Company\Lethal Company_Data\Managed\UnityEngine.UIModule.dll" dateModified="638746367041115925" MMHOOKDate="0" references="" pluginVersion="0.0.0" badImageFormat="false" />
  <assembly guid="UnityEngine.UmbraModule" path="C:\Program Files (x86)\Steam\steamapps\common\Lethal Company\Lethal Company_Data\Managed\UnityEngine.UmbraModule.dll" dateModified="638746367041075915" MMHOOKDate="0" references="" pluginVersion="0.0.0" badImageFormat="false" />
  <assembly guid="UnityEngine.UnityAnalyticsCommonModule" path="C:\Program Files (x86)\Steam\steamapps\common\Lethal Company\Lethal Company_Data\Managed\UnityEngine.UnityAnalyticsCommonModule.dll" dateModified="638746367041075915" MMHOOKDate="0" references="" pluginVersion="0.0.0" badImageFormat="false" />
  <assembly guid="UnityEngine.UnityAnalyticsModule" path="C:\Program Files (x86)\Steam\steamapps\common\Lethal Company\Lethal Company_Data\Managed\UnityEngine.UnityAnalyticsModule.dll" dateModified="638746367041085914" MMHOOKDate="0" references="" pluginVersion="0.0.0" badImageFormat="false" />
  <assembly guid="UnityEngine.UnityConnectModule" path="C:\Program Files (x86)\Steam\steamapps\common\Lethal Company\Lethal Company_Data\Managed\UnityEngine.UnityConnectModule.dll" dateModified="638746367041085914" MMHOOKDate="0" references="" pluginVersion="0.0.0" badImageFormat="false" />
  <assembly guid="UnityEngine.UnityCurlModule" path="C:\Program Files (x86)\Steam\steamapps\common\Lethal Company\Lethal Company_Data\Managed\UnityEngine.UnityCurlModule.dll" dateModified="638746367041075915" MMHOOKDate="0" references="" pluginVersion="0.0.0" badImageFormat="false" />
  <assembly guid="UnityEngine.UnityTestProtocolModule" path="C:\Program Files (x86)\Steam\steamapps\common\Lethal Company\Lethal Company_Data\Managed\UnityEngine.UnityTestProtocolModule.dll" dateModified="638746367041095917" MMHOOKDate="0" references="" pluginVersion="0.0.0" badImageFormat="false" />
  <assembly guid="UnityEngine.UnityWebRequestAssetBundleModule" path="C:\Program Files (x86)\Steam\steamapps\common\Lethal Company\Lethal Company_Data\Managed\UnityEngine.UnityWebRequestAssetBundleModule.dll" dateModified="638746367041085914" MMHOOKDate="0" references="" pluginVersion="0.0.0" badImageFormat="false" />
  <assembly guid="UnityEngine.UnityWebRequestAudioModule" path="C:\Program Files (x86)\Steam\steamapps\common\Lethal Company\Lethal Company_Data\Managed\UnityEngine.UnityWebRequestAudioModule.dll" dateModified="638746367041085914" MMHOOKDate="0" references="" pluginVersion="0.0.0" badImageFormat="false" />
  <assembly guid="UnityEngine.UnityWebRequestModule" path="C:\Program Files (x86)\Steam\steamapps\common\Lethal Company\Lethal Company_Data\Managed\UnityEngine.UnityWebRequestModule.dll" dateModified="638746367041378695" MMHOOKDate="0" references="" pluginVersion="0.0.0" badImageFormat="false" />
  <assembly guid="UnityEngine.UnityWebRequestTextureModule" path="C:\Program Files (x86)\Steam\steamapps\common\Lethal Company\Lethal Company_Data\Managed\UnityEngine.UnityWebRequestTextureModule.dll" dateModified="638746367041378695" MMHOOKDate="0" references="" pluginVersion="0.0.0" badImageFormat="false" />
  <assembly guid="UnityEngine.UnityWebRequestWWWModule" path="C:\Program Files (x86)\Steam\steamapps\common\Lethal Company\Lethal Company_Data\Managed\UnityEngine.UnityWebRequestWWWModule.dll" dateModified="638746367041095917" MMHOOKDate="0" references="" pluginVersion="0.0.0" badImageFormat="false" />
  <assembly guid="UnityEngine.VehiclesModule" path="C:\Program Files (x86)\Steam\steamapps\common\Lethal Company\Lethal Company_Data\Managed\UnityEngine.VehiclesModule.dll" dateModified="638746367041115925" MMHOOKDate="0" references="" pluginVersion="0.0.0" badImageFormat="false" />
  <assembly guid="UnityEngine.VFXModule" path="C:\Program Files (x86)\Steam\steamapps\common\Lethal Company\Lethal Company_Data\Managed\UnityEngine.VFXModule.dll" dateModified="638746367041685927" MMHOOKDate="0" references="" pluginVersion="0.0.0" badImageFormat="false" />
  <assembly guid="UnityEngine.VideoModule" path="C:\Program Files (x86)\Steam\steamapps\common\Lethal Company\Lethal Company_Data\Managed\UnityEngine.VideoModule.dll" dateModified="638746367041685927" MMHOOKDate="0" references="" pluginVersion="0.0.0" badImageFormat="false" />
  <assembly guid="UnityEngine.VirtualTexturingModule" path="C:\Program Files (x86)\Steam\steamapps\common\Lethal Company\Lethal Company_Data\Managed\UnityEngine.VirtualTexturingModule.dll" dateModified="638746367041695927" MMHOOKDate="0" references="" pluginVersion="0.0.0" badImageFormat="false" />
  <assembly guid="UnityEngine.VRModule" path="C:\Program Files (x86)\Steam\steamapps\common\Lethal Company\Lethal Company_Data\Managed\UnityEngine.VRModule.dll" dateModified="638746367041695927" MMHOOKDate="0" references="" pluginVersion="0.0.0" badImageFormat="false" />
  <assembly guid="UnityEngine.WindModule" path="C:\Program Files (x86)\Steam\steamapps\common\Lethal Company\Lethal Company_Data\Managed\UnityEngine.WindModule.dll" dateModified="638746367041695927" MMHOOKDate="0" references="" pluginVersion="0.0.0" badImageFormat="false" />
  <assembly guid="UnityEngine.XRModule" path="C:\Program Files (x86)\Steam\steamapps\common\Lethal Company\Lethal Company_Data\Managed\UnityEngine.XRModule.dll" dateModified="638746367041705928" MMHOOKDate="0" references="" pluginVersion="0.0.0" badImageFormat="false" />
  <assembly guid="0Harmony" path="C:\Users\luiz\AppData\Roaming\r2modmanPlus-local\LethalCompany\profiles\kamarada\BepInEx\core\0Harmony.dll" dateModified="637793693320000000" MMHOOKDate="0" references="" pluginVersion="0.0.0" badImageFormat="false" />
  <assembly guid="0Harmony20" path="C:\Users\luiz\AppData\Roaming\r2modmanPlus-local\LethalCompany\profiles\kamarada\BepInEx\core\0Harmony20.dll" dateModified="637938016940000000" MMHOOKDate="0" references="" pluginVersion="0.0.0" badImageFormat="false" />
  <assembly guid="BepInEx" path="C:\Users\luiz\AppData\Roaming\r2modmanPlus-local\LethalCompany\profiles\kamarada\BepInEx\core\BepInEx.dll" dateModified="637938016940000000" MMHOOKDate="0" references="" pluginVersion="0.0.0" badImageFormat="false" />
  <assembly guid="BepInEx.Harmony" path="C:\Users\luiz\AppData\Roaming\r2modmanPlus-local\LethalCompany\profiles\kamarada\BepInEx\core\BepInEx.Harmony.dll" dateModified="637938016940000000" MMHOOKDate="0" references="" pluginVersion="0.0.0" badImageFormat="false" />
  <assembly guid="BepInEx.Preloader" path="C:\Users\luiz\AppData\Roaming\r2modmanPlus-local\LethalCompany\profiles\kamarada\BepInEx\core\BepInEx.Preloader.dll" dateModified="637938016940000000" MMHOOKDate="0" references="" pluginVersion="0.0.0" badImageFormat="false" />
  <assembly guid="HarmonyXInterop" path="C:\Users\luiz\AppData\Roaming\r2modmanPlus-local\LethalCompany\profiles\kamarada\BepInEx\core\HarmonyXInterop.dll" dateModified="637938016940000000" MMHOOKDate="0" references="" pluginVersion="0.0.0" badImageFormat="false" />
  <assembly guid="Mono.Cecil" path="C:\Users\luiz\AppData\Roaming\r2modmanPlus-local\LethalCompany\profiles\kamarada\BepInEx\core\Mono.Cecil.dll" dateModified="636947142780000000" MMHOOKDate="0" references="" pluginVersion="0.0.0" badImageFormat="false" />
  <assembly guid="Mono.Cecil.Mdb" path="C:\Users\luiz\AppData\Roaming\r2modmanPlus-local\LethalCompany\profiles\kamarada\BepInEx\core\Mono.Cecil.Mdb.dll" dateModified="636947142780000000" MMHOOKDate="0" references="" pluginVersion="0.0.0" badImageFormat="false" />
  <assembly guid="Mono.Cecil.Pdb" path="C:\Users\luiz\AppData\Roaming\r2modmanPlus-local\LethalCompany\profiles\kamarada\BepInEx\core\Mono.Cecil.Pdb.dll" dateModified="636947142780000000" MMHOOKDate="0" references="" pluginVersion="0.0.0" badImageFormat="false" />
  <assembly guid="Mono.Cecil.Rocks" path="C:\Users\luiz\AppData\Roaming\r2modmanPlus-local\LethalCompany\profiles\kamarada\BepInEx\core\Mono.Cecil.Rocks.dll" dateModified="636947142780000000" MMHOOKDate="0" references="" pluginVersion="0.0.0" badImageFormat="false" />
  <assembly guid="MonoMod.RuntimeDetour" path="C:\Users\luiz\AppData\Roaming\r2modmanPlus-local\LethalCompany\profiles\kamarada\BepInEx\core\MonoMod.RuntimeDetour.dll" dateModified="637790083180000000" MMHOOKDate="0" references="" pluginVersion="0.0.0" badImageFormat="false" />
  <assembly guid="MonoMod.Utils" path="C:\Users\luiz\AppData\Roaming\r2modmanPlus-local\LethalCompany\profiles\kamarada\BepInEx\core\MonoMod.Utils.dll" dateModified="637790083180000000" MMHOOKDate="0" references="" pluginVersion="0.0.0" badImageFormat="false" />
  <assembly guid="MonoMod" path="C:\Users\luiz\AppData\Roaming\r2modmanPlus-local\LethalCompany\profiles\kamarada\BepInEx\core\Hamunii-AutoHookGenPatcher\MonoMod.dll" dateModified="638859492680000000" MMHOOKDate="0" references="" pluginVersion="0.0.0" badImageFormat="false" />
  <assembly guid="MonoMod.RuntimeDetour.HookGen" path="C:\Users\luiz\AppData\Roaming\r2modmanPlus-local\LethalCompany\profiles\kamarada\BepInEx\core\Hamunii-AutoHookGenPatcher\MonoMod.RuntimeDetour.HookGen.dll" dateModified="638859492680000000" MMHOOKDate="0" references="" pluginVersion="0.0.0" badImageFormat="false" />
  <assembly guid="com.github.MonoDetour.Bindings.Reorg" path="C:\Users\luiz\AppData\Roaming\r2modmanPlus-local\LethalCompany\profiles\kamarada\BepInEx\core\MonoDetour-MonoDetour\com.github.MonoDetour.Bindings.Reorg.dll" dateModified="638866632660000000" MMHOOKDate="0" references="" pluginVersion="0.0.0" badImageFormat="false" />
  <assembly guid="com.github.MonoDetour" path="C:\Users\luiz\AppData\Roaming\r2modmanPlus-local\LethalCompany\profiles\kamarada\BepInEx\core\MonoDetour-MonoDetour\com.github.MonoDetour.dll" dateModified="638866632660000000" MMHOOKDate="0" references="" pluginVersion="0.0.0" badImageFormat="false" />
  <assembly guid="com.github.MonoDetour.Reflection" path="C:\Users\luiz\AppData\Roaming\r2modmanPlus-local\LethalCompany\profiles\kamarada\BepInEx\core\MonoDetour-MonoDetour\com.github.MonoDetour.Reflection.dll" dateModified="638866632660000000" MMHOOKDate="0" references="" pluginVersion="0.0.0" badImageFormat="false" />
  <assembly guid="OdinSerializer" path="C:\Users\luiz\AppData\Roaming\r2modmanPlus-local\LethalCompany\profiles\kamarada\BepInEx\core\Lordfirespeed-OdinSerializer\OdinSerializer\OdinSerializer.dll" dateModified="638832022320000000" MMHOOKDate="0" references="" pluginVersion="0.0.0" badImageFormat="false" />
  <assembly guid="BepInEx.MonoMod.AutoHookGenPatcher" path="C:\Users\luiz\AppData\Roaming\r2modmanPlus-local\LethalCompany\profiles\kamarada\BepInEx\patchers\Hamunii-AutoHookGenPatcher\BepInEx.MonoMod.AutoHookGenPatcher.dll" dateModified="638859492680000000" MMHOOKDate="0" references="" pluginVersion="0.0.0" badImageFormat="false" />
  <assembly guid="Hamunii.DetourContext.Dispose_Fix" path="C:\Users\luiz\AppData\Roaming\r2modmanPlus-local\LethalCompany\profiles\kamarada\BepInEx\patchers\Hamunii-DetourContext_Dispose_Fix\Hamunii.DetourContext.Dispose_Fix.dll" dateModified="638859489360000000" MMHOOKDate="0" references="" pluginVersion="0.0.0" badImageFormat="false" />
  <assembly guid="0.com.github.MonoDetour.BepInEx.5" path="C:\Users\luiz\AppData\Roaming\r2modmanPlus-local\LethalCompany\profiles\kamarada\BepInEx\patchers\MonoDetour-MonoDetour_BepInEx_5\0.com.github.MonoDetour.BepInEx.5.dll" dateModified="638866632660000000" MMHOOKDate="0" references="" pluginVersion="0.0.0" badImageFormat="false" />
  <assembly guid="FixPluginTypesSerialization" path="C:\Users\luiz\AppData\Roaming\r2modmanPlus-local\LethalCompany\profiles\kamarada\BepInEx\patchers\Evaisa-FixPluginTypesSerialization\FixPluginTypesSerialization\FixPluginTypesSerialization.dll" dateModified="638734284740000000" MMHOOKDate="0" references="" pluginVersion="0.0.0" badImageFormat="false" />
  <assembly guid="Microsoft.Deployment.Compression.Cab" path="C:\Users\luiz\AppData\Roaming\r2modmanPlus-local\LethalCompany\profiles\kamarada\BepInEx\patchers\Evaisa-FixPluginTypesSerialization\FixPluginTypesSerialization\Microsoft.Deployment.Compression.Cab.dll" dateModified="635886360480000000" MMHOOKDate="0" references="" pluginVersion="0.0.0" badImageFormat="false" />
  <assembly guid="Microsoft.Deployment.Compression" path="C:\Users\luiz\AppData\Roaming\r2modmanPlus-local\LethalCompany\profiles\kamarada\BepInEx\patchers\Evaisa-FixPluginTypesSerialization\FixPluginTypesSerialization\Microsoft.Deployment.Compression.dll" dateModified="635886360480000000" MMHOOKDate="0" references="" pluginVersion="0.0.0" badImageFormat="false" />
  <assembly guid="BepInEx.MonoMod.HookGenPatcher" path="C:\Users\luiz\AppData\Roaming\r2modmanPlus-local\LethalCompany\profiles\kamarada\BepInEx\patchers\Evaisa-HookGenPatcher\BepInEx.MonoMod.HookGenPatcher\BepInEx.MonoMod.HookGenPatcher.dll" dateModified="638361889920000000" MMHOOKDate="0" references="" pluginVersion="0.0.0" badImageFormat="false" />
  <assembly guid="MonoMod" path="C:\Users\luiz\AppData\Roaming\r2modmanPlus-local\LethalCompany\profiles\kamarada\BepInEx\patchers\Evaisa-HookGenPatcher\BepInEx.MonoMod.HookGenPatcher\MonoMod.dll" dateModified="637637938480000000" MMHOOKDate="0" references="" pluginVersion="0.0.0" badImageFormat="false" />
  <assembly guid="MonoMod.RuntimeDetour.HookGen" path="C:\Users\luiz\AppData\Roaming\r2modmanPlus-local\LethalCompany\profiles\kamarada\BepInEx\patchers\Evaisa-HookGenPatcher\BepInEx.MonoMod.HookGenPatcher\MonoMod.RuntimeDetour.HookGen.dll" dateModified="637637938480000000" MMHOOKDate="0" references="" pluginVersion="0.0.0" badImageFormat="false" />
  <assembly guid="QuickRestart" path="C:\Users\luiz\AppData\Roaming\r2modmanPlus-local\LethalCompany\profiles\kamarada\BepInEx\plugins\AllToasters-QuickRestart\QuickRestart.dll" dateModified="638383350380000000" MMHOOKDate="0" references="" pluginVersion="1.0.0" badImageFormat="false" />
  <assembly guid="twig.latecompany" path="C:\Users\luiz\AppData\Roaming\r2modmanPlus-local\LethalCompany\profiles\kamarada\BepInEx\plugins\anormaltwig-LateCompany\LateCompanyV1.0.17.dll" dateModified="638597652380000000" MMHOOKDate="0" references="" pluginVersion="1.0.17" badImageFormat="false" />
  <assembly guid="AudioKnight.StarlancerAIFix" path="C:\Users\luiz\AppData\Roaming\r2modmanPlus-local\LethalCompany\profiles\kamarada\BepInEx\plugins\AudioKnight-StarlancerAIFix\StarlancerAI.dll" dateModified="638866376880000000" MMHOOKDate="0" references="" pluginVersion="3.11.1" badImageFormat="false" />
  <assembly guid="LethalPresents" path="C:\Users\luiz\AppData\Roaming\r2modmanPlus-local\LethalCompany\profiles\kamarada\BepInEx\plugins\Azim-LethalPresents\LethalPresents.dll" dateModified="638662714620000000" MMHOOKDate="0" references="Assembly-CSharp" pluginVersion="1.0.9" badImageFormat="false" />
  <assembly guid="bgn.pizzatowerescapemusic" path="C:\Users\luiz\AppData\Roaming\r2modmanPlus-local\LethalCompany\profiles\kamarada\BepInEx\plugins\BGN-PizzaTowerEscapeMusic\PizzaTowerEscapeMusic.dll" dateModified="638492919660000000" MMHOOKDate="0" references="" pluginVersion="2.4.0" badImageFormat="false" />
  <assembly guid="com.elitemastereric.coroner" path="C:\Users\luiz\AppData\Roaming\r2modmanPlus-local\LethalCompany\profiles\kamarada\BepInEx\plugins\EliteMasterEric-Coroner\Coroner.dll" dateModified="638612381320000000" MMHOOKDate="0" references="" pluginVersion="2.2.0" badImageFormat="false" />
  <assembly guid="FlipMods.BetterStamina" path="C:\Users\luiz\AppData\Roaming\r2modmanPlus-local\LethalCompany\profiles\kamarada\BepInEx\plugins\FlipMods-BetterStamina\BetterStamina.dll" dateModified="638776488160000000" MMHOOKDate="0" references="" pluginVersion="1.5.6" badImageFormat="false" />
  <assembly guid="FlipMods.FasterItemDropship" path="C:\Users\luiz\AppData\Roaming\r2modmanPlus-local\LethalCompany\profiles\kamarada\BepInEx\plugins\FlipMods-FasterItemDropship\FasterItemDropship.dll" dateModified="638601882580000000" MMHOOKDate="0" references="" pluginVersion="1.3.1" badImageFormat="false" />
  <assembly guid="FlipMods.ReservedFlashlightSlot" path="C:\Users\luiz\AppData\Roaming\r2modmanPlus-local\LethalCompany\profiles\kamarada\BepInEx\plugins\FlipMods-ReservedFlashlightSlot\ReservedFlashlightSlot.dll" dateModified="638742039520000000" MMHOOKDate="0" references="" pluginVersion="2.0.10" badImageFormat="false" />
  <assembly guid="FlipMods.ReservedItemSlotCore" path="C:\Users\luiz\AppData\Roaming\r2modmanPlus-local\LethalCompany\profiles\kamarada\BepInEx\plugins\FlipMods-ReservedItemSlotCore\ReservedItemSlotCore.dll" dateModified="638874084880000000" MMHOOKDate="0" references="" pluginVersion="2.0.52" badImageFormat="false" />
  <assembly guid="FlipMods.ReservedWalkieSlot" path="C:\Users\luiz\AppData\Roaming\r2modmanPlus-local\LethalCompany\profiles\kamarada\BepInEx\plugins\FlipMods-ReservedWalkieSlot\ReservedWalkieSlot.dll" dateModified="638740244580000000" MMHOOKDate="0" references="" pluginVersion="2.0.7" badImageFormat="false" />
  <assembly guid="imabatby.lethallevelloader" path="C:\Users\luiz\AppData\Roaming\r2modmanPlus-local\LethalCompany\profiles\kamarada\BepInEx\plugins\IAmBatby-LethalLevelLoader\LethalLevelLoader.dll" dateModified="638756465020000000" MMHOOKDate="0" references="" pluginVersion="1.4.11" badImageFormat="false" />
  <assembly guid="Scopophobia" path="C:\Users\luiz\AppData\Roaming\r2modmanPlus-local\LethalCompany\profiles\kamarada\BepInEx\plugins\jaspercreations-Scopophobia\Scopophobia.dll" dateModified="638607486680000000" MMHOOKDate="0" references="" pluginVersion="1.1.5" badImageFormat="false" />
  <assembly guid="Kittenji.FootballEntity" path="C:\Users\luiz\AppData\Roaming\r2modmanPlus-local\LethalCompany\profiles\kamarada\BepInEx\plugins\Kittenji-Football\FootballEntity.dll" dateModified="638847355540000000" MMHOOKDate="0" references="" pluginVersion="1.1.12" badImageFormat="false" />
  <assembly guid="Kittenji.HerobrineMod" path="C:\Users\luiz\AppData\Roaming\r2modmanPlus-local\LethalCompany\profiles\kamarada\BepInEx\plugins\Kittenji-Herobrine\HerobrineMod.dll" dateModified="638703258740000000" MMHOOKDate="0" references="" pluginVersion="1.3.6" badImageFormat="false" />
  <assembly guid="dev.kittenji.NavMeshInCompany" path="C:\Users\luiz\AppData\Roaming\r2modmanPlus-local\LethalCompany\profiles\kamarada\BepInEx\plugins\Kittenji-NavMeshInCompany\NavMeshInCompany.dll" dateModified="638464683400000000" MMHOOKDate="0" references="" pluginVersion="1.0.3" badImageFormat="false" />
  <assembly guid="BetterEmotes" path="C:\Users\luiz\AppData\Roaming\r2modmanPlus-local\LethalCompany\profiles\kamarada\BepInEx\plugins\KlutzyBubbles-BetterEmotes\BetterEmotes.dll" dateModified="638866610420000000" MMHOOKDate="0" references="" pluginVersion="1.5.4" badImageFormat="false" />
  <assembly guid="krystall9.FastSwitchPlayerViewInRadar" path="C:\Users\luiz\AppData\Roaming\r2modmanPlus-local\LethalCompany\profiles\kamarada\BepInEx\plugins\kRYstall9-FastSwitchPlayerViewInRadar\LethalCompanyMonitorMod.dll" dateModified="638747878540000000" MMHOOKDate="0" references="" pluginVersion="1.3.4" badImageFormat="false" />
  <assembly guid="LethalMatt.Bozoros" path="C:\Users\luiz\AppData\Roaming\r2modmanPlus-local\LethalCompany\profiles\kamarada\BepInEx\plugins\LethalMatt-Bozoros\Bozoros.dll" dateModified="638854459360000000" MMHOOKDate="0" references="" pluginVersion="2.5.3" badImageFormat="false" />
  <assembly guid="MegaPiggy.BuyableShotgunShells" path="C:\Users\luiz\AppData\Roaming\r2modmanPlus-local\LethalCompany\profiles\kamarada\BepInEx\plugins\MegaPiggy-BuyableShotgunShells\BuyableShotgunShells.dll" dateModified="638577416180000000" MMHOOKDate="0" references="" pluginVersion="1.3.0" badImageFormat="false" />
  <assembly guid="MetalPipeSFX.HornMoan" path="C:\Users\luiz\AppData\Roaming\r2modmanPlus-local\LethalCompany\profiles\kamarada\BepInEx\plugins\MetalPipeSFX-HornMoan\HornMoan.dll" dateModified="638378185020000000" MMHOOKDate="0" references="" pluginVersion="2.1.0" badImageFormat="false" />
  <assembly guid="NicholaScott.BepInEx.RuntimeNetcodeRPCValidator" path="C:\Users\luiz\AppData\Roaming\r2modmanPlus-local\LethalCompany\profiles\kamarada\BepInEx\plugins\Ozone-Runtime_Netcode_Patcher\NicholaScott.BepInEx.RuntimeNetcodeRPCValidator.dll" dateModified="638401833580000000" MMHOOKDate="0" references="" pluginVersion="0.2.5" badImageFormat="false" />
  <assembly guid="pacoito.itolib" path="C:\Users\luiz\AppData\Roaming\r2modmanPlus-local\LethalCompany\profiles\kamarada\BepInEx\plugins\pacoito-itolib\itolib.dll" dateModified="638853981600000000" MMHOOKDate="0" references="" pluginVersion="0.2.0" badImageFormat="false" />
  <assembly guid="rr.Flashlight" path="C:\Users\luiz\AppData\Roaming\r2modmanPlus-local\LethalCompany\profiles\kamarada\BepInEx\plugins\Renegades-FlashlightToggle\FlashlightToggle.dll" dateModified="638388733860000000" MMHOOKDate="0" references="" pluginVersion="1.5.0" badImageFormat="false" />
  <assembly guid="RickArg.lethalcompany.helmetcameras" path="C:\Users\luiz\AppData\Roaming\r2modmanPlus-local\LethalCompany\profiles\kamarada\BepInEx\plugins\RickArg-Helmet_Cameras\HelmetCamera.dll" dateModified="638378914480000000" MMHOOKDate="0" references="" pluginVersion="2.1.5" badImageFormat="false" />
  <assembly guid="RugbugRedfern.SkinwalkerMod" path="C:\Users\luiz\AppData\Roaming\r2modmanPlus-local\LethalCompany\profiles\kamarada\BepInEx\plugins\RugbugRedfern-Skinwalkers\SkinwalkerMod.dll" dateModified="638489771120000000" MMHOOKDate="0" references="" pluginVersion="5.0.0" badImageFormat="false" />
  <assembly guid="sparble.slendermanmod" path="C:\Users\luiz\AppData\Roaming\r2modmanPlus-local\LethalCompany\profiles\kamarada\BepInEx\plugins\Sparble-FacelessStalker\SlendermanMod.dll" dateModified="638715957460000000" MMHOOKDate="0" references="" pluginVersion="1.2.0" badImageFormat="false" />
  <assembly guid="sunnobunno.YippeeMod" path="C:\Users\luiz\AppData\Roaming\r2modmanPlus-local\LethalCompany\profiles\kamarada\BepInEx\plugins\sunnobunno-YippeeMod\YippeeMod.dll" dateModified="638437666400000000" MMHOOKDate="0" references="" pluginVersion="1.2.4" badImageFormat="false" />
  <assembly guid="taffyko.NameplateTweaks" path="C:\Users\luiz\AppData\Roaming\r2modmanPlus-local\LethalCompany\profiles\kamarada\BepInEx\plugins\taffyko-NameplateTweaks\NameplateTweaks.dll" dateModified="638501140780000000" MMHOOKDate="0" references="" pluginVersion="1.0.6" badImageFormat="false" />
  <assembly guid="Toskan4134.LethalRegeneration" path="C:\Users\luiz\AppData\Roaming\r2modmanPlus-local\LethalCompany\profiles\kamarada\BepInEx\plugins\Toskan4134-LethalRegeneration\LethalRegeneration.dll" dateModified="638453521220000000" MMHOOKDate="0" references="" pluginVersion="1.3.0" badImageFormat="false" />
  <assembly guid="TooManySuits" path="C:\Users\luiz\AppData\Roaming\r2modmanPlus-local\LethalCompany\profiles\kamarada\BepInEx\plugins\Verity-TooManySuits\TooManySuits.dll" dateModified="638641285800000000" MMHOOKDate="0" references="" pluginVersion="2.0.1" badImageFormat="false" />
  <assembly guid="Vulf.GokuBracken" path="C:\Users\luiz\AppData\Roaming\r2modmanPlus-local\LethalCompany\profiles\kamarada\BepInEx\plugins\Vulf-GokuBracken\GokuBracken.dll" dateModified="638631368440000000" MMHOOKDate="0" references="" pluginVersion="1.5.8" badImageFormat="false" />
  <assembly guid="x753.More_Suits" path="C:\Users\luiz\AppData\Roaming\r2modmanPlus-local\LethalCompany\profiles\kamarada\BepInEx\plugins\x753-More_Suits\MoreSuits.dll" dateModified="638758619720000000" MMHOOKDate="0" references="" pluginVersion="1.5.0" badImageFormat="false" />
  <assembly guid="XuuXiaolan.SoftMaskKiller" path="C:\Users\luiz\AppData\Roaming\r2modmanPlus-local\LethalCompany\profiles\kamarada\BepInEx\plugins\XuXiaolan-SoftMaskKiller\SoftMaskKiller.dll" dateModified="638844771140000000" MMHOOKDate="0" references="" pluginVersion="0.0.1" badImageFormat="false" />
  <assembly guid="Zaggy1024.OpenBodyCams" path="C:\Users\luiz\AppData\Roaming\r2modmanPlus-local\LethalCompany\profiles\kamarada\BepInEx\plugins\Zaggy1024-OpenBodyCams\OpenBodyCams.dll" dateModified="638845771700000000" MMHOOKDate="0" references="" pluginVersion="3.0.6" badImageFormat="false" />
  <assembly guid="com.zealsprince.locker" path="C:\Users\luiz\AppData\Roaming\r2modmanPlus-local\LethalCompany\profiles\kamarada\BepInEx\plugins\zealsprince-Locker\Locker.dll" dateModified="638698784180000000" MMHOOKDate="0" references="" pluginVersion="1.6.1" badImageFormat="false" />
  <assembly guid="ainavt.lc.lethalconfig" path="C:\Users\luiz\AppData\Roaming\r2modmanPlus-local\LethalCompany\profiles\kamarada\BepInEx\plugins\AinaVT-LethalConfig\LethalConfig\LethalConfig.dll" dateModified="638743857400000000" MMHOOKDate="0" references="" pluginVersion="1.4.6" badImageFormat="false" />
  <assembly guid="antlershed.lethalcompany.enemyskinregistry" path="C:\Users\luiz\AppData\Roaming\r2modmanPlus-local\LethalCompany\profiles\kamarada\BepInEx\plugins\AntlerShed-EnemySkinRegistry\EnemySkinRegistry\EnemySkinRegistry.dll" dateModified="638844822540000000" MMHOOKDate="0" references="" pluginVersion="1.4.6" badImageFormat="false" />
  <assembly guid="LethalCompanyHarpGhost" path="C:\Users\luiz\AppData\Roaming\r2modmanPlus-local\LethalCompany\profiles\kamarada\BepInEx\plugins\Bob123-Haunted_Harpist\HauntedHarpist\LethalCompanyHarpGhost.dll" dateModified="638847267360000000" MMHOOKDate="0" references="" pluginVersion="1.3.23" badImageFormat="false" />
  <assembly guid="Entity378.sellbodies" path="C:\Users\luiz\AppData\Roaming\r2modmanPlus-local\LethalCompany\profiles\kamarada\BepInEx\plugins\Entity378-SellBodiesFixed\SellBodies\SellBodies.dll" dateModified="638855365320000000" MMHOOKDate="0" references="" pluginVersion="1.12.2" badImageFormat="false" />
  <assembly guid="evaisa.lethallib" path="C:\Users\luiz\AppData\Roaming\r2modmanPlus-local\LethalCompany\profiles\kamarada\BepInEx\plugins\Evaisa-LethalLib\LethalLib\LethalLib.dll" dateModified="638852011300000000" MMHOOKDate="0" references="Assembly-CSharp" pluginVersion="1.1.1" badImageFormat="false" />
  <assembly guid="me.loaforc.facilitymeltdown" path="C:\Users\luiz\AppData\Roaming\r2modmanPlus-local\LethalCompany\profiles\kamarada\BepInEx\plugins\loaforc-FacilityMeltdown\FacilityMeltdown\FacilityMeltdown.dll" dateModified="638715843180000000" MMHOOKDate="0" references="" pluginVersion="2.7.0" badImageFormat="false" />
  <assembly guid="MaxWasUnavailable.LethalModDataLib" path="C:\Users\luiz\AppData\Roaming\r2modmanPlus-local\LethalCompany\profiles\kamarada\BepInEx\plugins\MaxWasUnavailable-LethalModDataLib\LethalModDataLib\MaxWasUnavailable.LethalModDataLib.dll" dateModified="638488732920000000" MMHOOKDate="0" references="" pluginVersion="1.2.2" badImageFormat="false" />
  <assembly guid="nomnomab.rollinggiant" path="C:\Users\luiz\AppData\Roaming\r2modmanPlus-local\LethalCompany\profiles\kamarada\BepInEx\plugins\NomnomAB-RollingGiant\RollingGiant\RollingGiant.dll" dateModified="638486865700000000" MMHOOKDate="0" references="" pluginVersion="2.6.0" badImageFormat="false" />
  <assembly guid="quackandcheese.togglemute" path="C:\Users\luiz\AppData\Roaming\r2modmanPlus-local\LethalCompany\profiles\kamarada\BepInEx\plugins\quackandcheese-ToggleMute\ToggleMute\ToggleMute.dll" dateModified="638442330420000000" MMHOOKDate="0" references="" pluginVersion="1.3.1" badImageFormat="false" />
  <assembly guid="com.rune580.LethalCompanyInputUtils" path="C:\Users\luiz\AppData\Roaming\r2modmanPlus-local\LethalCompany\profiles\kamarada\BepInEx\plugins\Rune580-LethalCompany_InputUtils\LethalCompanyInputUtils\LethalCompanyInputUtils.dll" dateModified="638757061620000000" MMHOOKDate="0" references="" pluginVersion="0.7.10" badImageFormat="false" />
  <assembly guid="com.github.tinyhoot.ShipLoot" path="C:\Users\luiz\AppData\Roaming\r2modmanPlus-local\LethalCompany\profiles\kamarada\BepInEx\plugins\tinyhoot-ShipLoot\ShipLoot\ShipLoot.dll" dateModified="638467964080000000" MMHOOKDate="0" references="" pluginVersion="1.1" badImageFormat="false" />
  <assembly guid="Xilophor.StaticNetcodeLib" path="C:\Users\luiz\AppData\Roaming\r2modmanPlus-local\LethalCompany\profiles\kamarada\BepInEx\plugins\xilophor-StaticNetcodeLib\StaticNetcodeLib\Xilophor.StaticNetcodeLib.dll" dateModified="638556189400000000" MMHOOKDate="0" references="" pluginVersion="1.1.1" badImageFormat="false" />
</cache>